order_id,customer_id,order_date,country,product_category,quantity,unit_price,discount,order_amount,payment_method,order_status,customer_age,customer_email
ORD-1001,CUST-5002,2024-02-16,USA,Books,3,190.28,0.15,485.21,Credit Card,Processing,48,liam.jones1@example.com
ORD-1002,CUST-5003,2024-05-24,USA,Sports & Outdoors,3,128.89,0.1,348.0,Credit Card,Processing,43,oliver.wilson2@example.com
ORD-1003,CUST-5004,2024-05-28,Australia,Apparel,2,37.31,0.1,67.16,PayPal,Refunded,41,emma.wilson3@example.com
ORD-1004,CUST-5005,2024-05-15,Australia,Sports & Outdoors,5,20.16,0.0,100.8,Credit Card,Processing,26,aiden.davis4@example.com
ORD-1005,CUST-5006,2024-04-27,Canada,Apparel,7,294.71,0.15,1753.52,Apple Pay,Cancelled,62,emma.taylor5@example.com
ORD-1006,CUST-5007,2024-05-01,France,Beauty,6,61.74,0.05,351.92,Bank Transfer,Processing,59,lucas.jones6@example.com
ORD-1007,CUST-5008,2024-01-06,United Kingdom,Home & Kitchen,2,35.44,0.1,63.79,PayPal,Processing,29,liam.wilson7@example.com
ORD-1008,CUST-5009,2024-04-27,India,Electronics,5,214.64,0.1,965.88,Bank Transfer,Refunded,46,liam.johnson8@example.com
ORD-1009,CUST-5010,2024-03-27,USA,Sports & Outdoors,7,154.69,0.15,920.41,Debit Card,Cancelled,57,ethan.moore9@example.com
ORD-1010,CUST-5011,2024-02-27,France,Apparel,5,149.83,0.1,674.24,Bank Transfer,Delivered,44,olivia.jones10@example.com
ORD-1011,CUST-5012,2024-04-01,USA,Beauty,8,58.65,0.2,375.36,PayPal,Refunded,52,noah.brown11@example.com
ORD-1012,CUST-5013,2024-01-01,France,Apparel,2,40.08,0.1,72.14,Bank Transfer,Delivered,24,ava.smith12@example.com
ORD-1013,CUST-5014,2024-06-29,Germany,Electronics,7,102.07,0.1,643.04,Debit Card,Processing,54,evelyn.miller13@example.com
ORD-1014,,2024-04-25,Canada,Home & Kitchen,7,21.36,0.2,119.62,Credit Card,Processing,70,emma.thomas14@example.com
ORD-1015,CUST-5016,2024-06-03,Japan,Electronics,4,127.9,0.2,409.28,Apple Pay,Refunded,30,emma.moore15@example.com
ORD-1016,CUST-5017,2024-05-30,India,Sports & Outdoors,2,66.89,0.1,120.4,Credit Card,Processing,40,olivia.moore16@example.com
ORD-1017,CUST-5018,2024-03-27,France,Sports & Outdoors,8,48.93,0.0,391.44,Bank Transfer,Refunded,70,emma.brown17@example.com
ORD-1018,CUST-5019,2024-05-20,Australia,Books,3,287.35,0.2,689.64,Apple Pay,Processing,32,sophia.jackson18@example.com
ORD-1019,CUST-5020,2024-05-18,India,Sports & Outdoors,5,209.04,0.1,940.68,Bank Transfer,Refunded,65,harper.jackson19@example.com
ORD-1020,CUST-5021,2024-05-21,India,Sports & Outdoors,2,188.29,0.0,376.58,Apple Pay,Cancelled,54,james.martin20@example.com
ORD-1021,CUST-5022,2024-05-16,India,Apparel,3,161.66,0.2,387.98,Apple Pay,Processing,28,mia.smith21@example.com
ORD-1022,CUST-5023,2024-04-11,United Kingdom,Books,5,121.67,0.0,608.35,Debit Card,Cancelled,42,sophia.miller22@example.com
ORD-1023,CUST-5024,2024-03-28,United Kingdom,Electronics,1,231.47,0.0,-231.47,Bank Transfer,Processing,46,isabella.jones23@example.com
ORD-1024,CUST-5025,2024-06-19,Germany,Books,5,249.63,0.1,1123.34,Debit Card,Processing,24,oliver.jackson24@example.com
ORD-1025,CUST-5026,2024-03-23,Japan,Home & Kitchen,8,123.46,0.05,938.3,Credit Card,Cancelled,51,olivia.davis25@example.com
ORD-1026,CUST-5027,2024-05-25,Japan,Apparel,7,186.87,0.0,1308.09,PayPal,Cancelled,37,ethan.wilson26@example.com
ORD-1027,CUST-5028,2024-04-29,Germany,Home & Kitchen,6,117.34,0.2,563.23,Apple Pay,Delivered,52,emma.thomas27@example.com
ORD-1028,CUST-5029,2024-03-25,Canada,Beauty,8,105.92,0.1,762.62,Bank Transfer,Processing,31,emma.anderson28@example.com
ORD-1029,CUST-5030,2024-06-20,Canada,Beauty,4,278.35,0.05,1057.73,PayPal,Refunded,34,evelyn.thomas29@example.com
ORD-1030,CUST-5031,2024-04-01,USA,Apparel,7,241.19,0.2,1350.66,Debit Card,Cancelled,41,liam.smith30@example.com
ORD-1031,CUST-5032,2024-03-13,USA,Beauty,6,41.05,0.05,233.98,Apple Pay,Processing,21,invalid.user@
ORD-1032,CUST-5033,2024-06-03,India,Electronics,2,50.85,0.2,81.36,Bank Transfer,Delivered,57,noah.taylor32@example.com
ORD-1033,CUST-5034,2024-05-01,Germany,Sports & Outdoors,6,13.76,0.1,74.3,PayPal,Delivered,58,james.wilson33@example.com
ORD-1034,CUST-5035,2024-05-09,Australia,Apparel,4,244.59,0.15,831.61,Bank Transfer,Cancelled,69,liam.johnson34@example.com
ORD-1035,CUST-5036,2024-06-02,USA,Electronics,8,113.94,0.2,729.22,Apple Pay,Delivered,48,ethan.brown35@example.com
ORD-1036,CUST-5037,2024-03-06,United Kingdom,Electronics,8,213.92,0.1,1540.22,Credit Card,Processing,64,noah.brown36@example.com
ORD-1037,CUST-5038,2024-04-09,Australia,Sports & Outdoors,4,129.67,0.15,440.88,Credit Card,Processing,67,james.johnson37@example.com
ORD-1038,CUST-5039,2024-03-08,USA,elec-tronics,2,113.66,0.15,193.22,Bank Transfer,Cancelled,64,evelyn.martin38@example.com
ORD-1039,CUST-5040,2024-04-11,USA,Books,3,18.32,0.0,54.96,Debit Card,Shipped,51,mia.wilson39@example.com
ORD-1040,CUST-5041,2024-04-27,Germany,Beauty,1,269.61,0.05,256.13,Debit Card,Shipped,57,liam.martin40@example.com
ORD-1041,CUST-5042,2024-01-29,United Kingdom,Beauty,6,55.39,0.15,282.49,Debit Card,Shipped,28,aiden.johnson41@example.com
ORD-1042,CUST-5043,2024-03-28,France,Electronics,2,21.95,0.0,43.9,Credit Card,Cancelled,65,harper.moore42@example.com
ORD-1043,CUST-5044,2024-02-25,Australia,Books,6,13.07,0.15,66.66,Apple Pay,Delivered,54,mia.brown43@example.com
ORD-1044,CUST-5045,2024-06-21,USA,Beauty,2,77.31,0.2,123.7,Apple Pay,Cancelled,71,mason.johnson44@example.com
ORD-1045,CUST-5046,2024-03-26,India,Beauty,2,208.37,0.1,375.07,Bank Transfer,Delivered,22,mia.williams45@example.com
ORD-1046,CUST-5047,2024-06-15,Canada,Beauty,7,66.41,0.15,395.14,Debit Card,Processing,24,mia.smith46@example.com
ORD-1047,CUST-5048,2024-06-08,India,Electronics,4,97.45,0.0,389.8,Debit Card,Delivered,58,aiden.taylor47@example.com
ORD-1048,,2024-03-04,France,Sports & Outdoors,8,69.79,0.15,474.57,Apple Pay,Refunded,52,mia.martin48@example.com
ORD-1049,CUST-5050,2024-04-16,USA,Electronics,1,113.22,0.05,107.56,PayPal,Shipped,64,emma.smith49@example.com
ORD-1042,CUST-5051,2024-04-21,Japan,Books,4,15.8,0.2,50.56,Debit Card,Delivered,57,oliver.davis50@example.com
ORD-1051,CUST-5052,2024-02-01,Germany,Electronics,2,15.1,0.15,25.67,Credit Card,Processing,24,noah.williams51@example.com
ORD-1052,CUST-5053,2024-02-28,USA,Books,8,47.4,0.15,322.32,Apple Pay,Cancelled,39,lucas.martin52@example.com
ORD-1053,CUST-5054,2024-05-16,Germany,Sports & Outdoors,3,13.38,0.15,34.12,Credit Card,Processing,56,harper.taylor53@example.com
ORD-1054,CUST-5055,2024-03-14,Canada,Beauty,2,279.85,0.1,503.73,Credit Card,Delivered,48,olivia.williams54@example.com
ORD-1055,CUST-5056,2024-04-09,Australia,Sports & Outdoors,6,182.65,0.1,986.31,Credit Card,Shipped,19,lucas.moore55@example.com
ORD-1056,CUST-5057,2024-01-14,Japan,Sports & Outdoors,2,111.41,0.2,178.26,Apple Pay,Delivered,57,noah.smith56@example.com
ORD-1057,CUST-5058,2024-01-04,Germany,Home & Kitchen,8,293.48,0.0,2347.84,Bank Transfer,IN_LIMBO,45,noah.moore57@example.com
ORD-1058,CUST-5059,2024-02-16,Germany,Beauty,6,238.38,0.0,1430.28,PayPal,Processing,44,mia.johnson58@example.com
ORD-1059,CUST-5060,2024-04-17,France,Electronics,2,256.83,0.05,487.98,Credit Card,Delivered,35,ethan.thomas59@example.com
ORD-1060,CUST-5061,2024-03-11,Germany,Sports & Outdoors,3,261.29,0.15,666.29,Debit Card,Processing,22,ethan.miller60@example.com
ORD-1061,CUST-5062,2024-01-22,Japan,Home & Kitchen,3,220.97,0.0,662.91,Debit Card,Shipped,70,liam.jackson61@example.com
ORD-1062,CUST-5063,2024-03-12,Australia,Electronics,3,260.35,0.05,742.0,Debit Card,Cancelled,64,lucas.brown62@example.com
ORD-1063,CUST-5064,2024-06-15,Germany,Apparel,7,41.56,0.0,290.92,Apple Pay,Cancelled,71,sophia.johnson63@example.com
ORD-1064,CUST-5065,2024-05-13,USA,Books,2,105.59,0.15,179.5,Debit Card,Shipped,55,oliver.martin64@example.com
ORD-1065,CUST-5066,2027-11-20,India,Electronics,7,258.85,0.15,1540.16,PayPal,Processing,47,harper.johnson65@example.com
ORD-1066,CUST-5067,2024-06-29,India,Sports & Outdoors,1,212.13,0.15,180.31,PayPal,Cancelled,50,mason.smith66@example.com
ORD-1067,CUST-5068,2024-01-26,Canada,Home & Kitchen,3,36.24,0.05,103.28,PayPal,Processing,37,sophia.taylor67@example.com
ORD-1068,CUST-5069,2024-06-09,Australia,Beauty,8,226.34,0.15,1539.11,PayPal,Refunded,27,noah.anderson68@example.com
ORD-1069,CUST-5070,2024-05-28,Canada,Sports & Outdoors,8,199.57,0.2,1277.25,Bank Transfer,Delivered,43,ava.moore69@example.com
ORD-1070,CUST-5071,2024-05-20,United Kingdom,Home & Kitchen,3,98.15,0.2,235.56,Debit Card,Delivered,50,lucas.moore70@example.com
ORD-1071,CUST-5072,2024-02-08,Australia,Electronics,3,57.21,0.05,163.05,PayPal,Processing,71,evelyn.jones71@example.com
ORD-1072,CUST-5073,2024-04-17,Japan,Books,4,95.83,0.2,306.66,Debit Card,Refunded,55,emma.wilson72@example.com
ORD-1073,CUST-5074,2024-01-13,Japan,Sports & Outdoors,1,159.94,0.2,127.95,Bank Transfer,Refunded,36,mason.jackson73@example.com
ORD-1074,CUST-5075,2024-03-09,USA,Apparel,7,185.96,0.0,1301.72,Apple Pay,Processing,34,noah.brown74@example.com
ORD-1075,CUST-5076,2024-03-13,USA,Books,4,288.91,0.2,924.51,Apple Pay,Refunded,59,aiden.jones75@example.com
ORD-1076,CUST-5077,2024-03-02,USA,Sports & Outdoors,8,30.25,0.2,193.6,Debit Card,Refunded,44,sophia.thomas76@example.com
ORD-1077,CUST-5078,2024-06-22,France,Sports & Outdoors,6,231.74,0.1,-1251.4,Bank Transfer,Delivered,26,ava.jones77@example.com
ORD-1078,CUST-5079,2024-04-04,France,Home & Kitchen,3,151.6,0.0,454.8,Debit Card,Delivered,69,james.smith78@example.com
ORD-1079,CUST-5080,2024-01-30,Japan,Sports & Outdoors,6,237.64,0.2,1140.67,Debit Card,Refunded,32,oliver.brown79@example.com
ORD-1080,CUST-5001,2024-03-21,USA,Apparel,5,178.11,0.05,846.02,Credit Card,Delivered,68,isabella.miller80@example.com
ORD-1081,CUST-5002,2024-04-26,USA,Books,2,172.36,0.15,293.01,Debit Card,Shipped,50,lucas.jackson81@example.com
ORD-1082,CUST-5003,2024-02-10,Australia,Books,8,179.03,0.1,1289.02,Apple Pay,Refunded,72,evelyn.wilson82@example.com
ORD-1083,CUST-5004,2024-03-27,Germany,Electronics,4,56.94,0.0,227.76,Credit Card,Processing,19,oliver.brown83@example.com
ORD-1084,CUST-5005,2024-05-30,Canada,Books,8,212.29,0.2,1358.66,Credit Card,Delivered,22,missing_at_domain.com
ORD-1085,CUST-5006,2024-04-08,United Kingdom,Electronics,8,26.39,0.05,200.56,Bank Transfer,Cancelled,25,noah.wilson85@example.com
ORD-1086,CUST-5007,2024-02-10,Japan,Beauty,4,263.95,0.0,1055.8,Bank Transfer,Processing,45,isabella.anderson86@example.com
ORD-1087,CUST-5008,2024-02-14,Australia,Beauty,8,181.41,0.1,1306.15,PayPal,Delivered,52,olivia.smith87@example.com
ORD-1088,CUST-5009,2024-01-09,India,Beauty,1,196.08,0.0,196.08,Debit Card,Processing,25,mason.miller88@example.com
ORD-1089,CUST-5010,2024-01-16,France,Home & Kitchen,2,64.28,0.15,109.28,Apple Pay,Cancelled,56,james.davis89@example.com
ORD-1090,CUST-5011,2024-06-27,India,Sports & Outdoors,1,13.02,0.0,13.02,Debit Card,Shipped,55,ava.anderson90@example.com
ORD-1091,CUST-5012,2024-06-24,United Kingdom,Sports & Outdoors,5,279.03,0.2,1116.12,Bank Transfer,Delivered,71,oliver.jackson91@example.com
ORD-1092,,2024-05-31,United Kingdom,Sports & Outdoors,7,208.32,0.0,1458.24,Bank Transfer,Refunded,41,evelyn.johnson92@example.com
ORD-1093,CUST-5014,2024-03-23,United Kingdom,Books,7,101.72,0.05,676.44,Debit Card,Shipped,58,emma.brown93@example.com
ORD-1094,CUST-5015,2024-01-11,Germany,Electronics,4,37.28,0.15,126.75,Credit Card,Delivered,65,ethan.jones94@example.com
ORD-1095,CUST-5016,2024-05-09,Canada,Electronics,8,100.32,0.1,722.3,Bank Transfer,Cancelled,46,ava.miller95@example.com
ORD-1096,CUST-5017,2024-03-15,USA,Books,7,214.55,0.2,1201.48,PayPal,Delivered,69,aiden.jones96@example.com
ORD-1097,CUST-5018,2024-05-23,United Kingdom,Electronics,4,273.28,0.15,929.15,Bank Transfer,Delivered,69,mason.moore97@example.com
ORD-1098,CUST-5019,2024-01-02,France,Home & Kitchen,3,45.57,0.0,136.71,PayPal,Delivered,68,sophia.jones98@example.com
ORD-1099,CUST-5020,2024-06-28,Japan,Sports & Outdoors,7,263.93,0.0,1847.51,Apple Pay,Processing,34,aiden.thomas99@example.com
ORD-1100,CUST-5021,2024-01-31,India,Apparel,8,109.4,0.1,787.68,PayPal,Delivered,67,noah.smith100@example.com
ORD-1101,CUST-5022,2024-03-01,Germany,Beauty,4,176.46,0.0,705.84,Credit Card,Processing,32,oliver.taylor101@example.com
ORD-1102,CUST-5023,2024-04-22,USA,Apparel,3,70.33,0.2,168.79,Apple Pay,Refunded,56,liam.williams102@example.com
ORD-1103,CUST-5024,2024-03-15,Japan,Sports & Outdoors,7,132.37,0.1,833.93,Credit Card,Refunded,57,oliver.davis103@example.com
ORD-1104,CUST-5025,2024-06-08,India,Apparel,8,155.65,0.0,1245.2,Debit Card,Cancelled,71,ava.wilson104@example.com
ORD-1105,CUST-5026,2024-02-16,France,Sports & Outdoors,5,202.33,0.0,1011.65,Credit Card,Shipped,45,harper.smith105@example.com
ORD-1106,CUST-5027,2024-01-12,United Kingdom,Beauty,8,38.35,0.15,260.78,Debit Card,Delivered,61,aiden.wilson106@example.com
ORD-1107,CUST-5028,2024-01-16,Canada,Beauty,5,132.56,0.05,629.66,PayPal,Refunded,33,noah.anderson107@example.com
ORD-1108,CUST-5029,2024-03-03,Japan,Beauty,6,14.53,0.1,98500.0,PayPal,Shipped,35,liam.thomas108@example.com
ORD-1109,CUST-5030,2024-06-28,United Kingdom,Apparel,4,226.08,0.2,723.46,Bank Transfer,Refunded,38,emma.taylor109@example.com
ORD-1110,CUST-5031,2024-03-25,Australia,Home & Kitchen,8,184.63,0.05,1403.19,PayPal,Shipped,50,olivia.anderson110@example.com
ORD-1111,CUST-5032,2024-04-27,United Kingdom,Electronics,8,290.99,0.2,1862.34,Debit Card,Processing,36,oliver.anderson111@example.com
ORD-1112,CUST-5033,2024-04-19,Japan,Home & Kitchen,3,37.7,0.05,107.45,Bank Transfer,Cancelled,66,harper.johnson112@example.com
ORD-1113,CUST-5034,2024-01-16,Germany,Electronics,4,17.1,0.2,54.72,Bank Transfer,Shipped,51,noah.martin113@example.com
ORD-1114,CUST-5035,2024-03-04,United Kingdom,Apparel,6,54.2,0.0,325.2,Apple Pay,Shipped,47,james.smith114@example.com
ORD-1115,CUST-5036,2024-02-08,Germany,UNKNOWN_CAT,6,158.49,0.2,760.75,Bank Transfer,Processing,28,oliver.smith115@example.com
ORD-1116,CUST-5037,2024-02-08,India,Sports & Outdoors,8,284.42,0.15,1934.06,Bank Transfer,Refunded,57,james.moore116@example.com
ORD-1117,CUST-5038,2024-01-11,Germany,Beauty,1,180.63,0.15,153.54,Debit Card,Refunded,26,aiden.johnson117@example.com
ORD-1118,CUST-5039,2024-03-31,Canada,Sports & Outdoors,1,86.27,0.2,69.02,Bank Transfer,Shipped,62,mason.brown118@example.com
ORD-1119,CUST-5040,2024-03-20,USA,Apparel,2,168.59,0.0,337.18,Apple Pay,Cancelled,35,harper.taylor119@example.com
ORD-1120,CUST-5041,2024-01-27,France,Books,3,43.33,0.2,103.99,Bank Transfer,Processing,51,evelyn.brown120@example.com
ORD-1121,CUST-5042,2024-01-21,Australia,Electronics,3,120.91,0.2,290.18,Apple Pay,Delivered,24,isabella.jones121@example.com
ORD-1122,CUST-5043,2024-04-24,Japan,Beauty,7,262.66,0.15,1562.83,Credit Card,Processing,20,oliver.jackson122@example.com
ORD-1123,CUST-5044,2024-03-21,United Kingdom,Apparel,7,155.18,0.2,869.01,PayPal,Delivered,29,isabella.brown123@example.com
ORD-1124,CUST-5045,2024-04-19,USA,Beauty,2,235.57,0.0,471.14,Debit Card,Delivered,45,oliver.brown124@example.com
ORD-1125,CUST-5046,2024-01-07,Australia,Sports & Outdoors,1,129.15,0.0,129.15,Debit Card,Refunded,68,james.johnson125@example.com
ORD-1126,CUST-5047,2024-02-04,United Kingdom,Books,6,83.95,0.15,428.15,Credit Card,Cancelled,48,olivia.martin126@example.com
ORD-1127,CUST-5048,2024-06-17,USA,Apparel,6,257.85,0.0,1547.1,Bank Transfer,Shipped,19,james.anderson127@example.com
ORD-1128,CUST-5049,2024-01-26,France,Electronics,4,279.72,0.05,1062.94,Bank Transfer,Delivered,64,james.williams128@example.com
ORD-1129,CUST-5050,2024-05-28,United Kingdom,Beauty,7,89.59,0.1,564.42,PayPal,pendng,37,noah.smith129@example.com
ORD-1130,CUST-5051,2024-06-22,France,Beauty,7,31.55,0.0,220.85,Apple Pay,Processing,53,mason.thomas130@example.com
ORD-1131,CUST-5052,2024-03-19,Japan,Sports & Outdoors,6,88.06,0.2,422.69,Debit Card,Shipped,58,evelyn.anderson131@example.com
ORD-1132,CUST-5053,2024-02-06,USA,Beauty,6,114.44,0.0,686.64,Credit Card,Cancelled,43,sophia.moore132@example.com
ORD-1133,CUST-5054,2024-05-06,India,Electronics,6,14.41,0.15,73.49,PayPal,Cancelled,66,oliver.anderson133@example.com
ORD-1134,CUST-5055,2024-05-01,Canada,Apparel,4,265.93,0.15,904.16,Credit Card,Shipped,56,olivia.jackson134@example.com
ORD-1135,CUST-5056,2024-03-02,Australia,Sports & Outdoors,6,254.63,0.2,1222.22,Credit Card,Refunded,50,liam.wilson135@example.com
ORD-1136,CUST-5057,2024-01-10,United Kingdom,Sports & Outdoors,3,80.33,0.05,228.94,Bank Transfer,Delivered,42,isabella.wilson136@example.com
ORD-1137,CUST-5058,2024-05-12,India,Beauty,7,164.39,0.05,1093.19,PayPal,Shipped,61,oliver.wilson137@example.com
ORD-1138,CUST-5059,2024-03-20,Australia,Books,4,264.63,0.05,1005.59,PayPal,Cancelled,54,mason.taylor138@example.com
ORD-1139,CUST-5060,2024-05-31,India,Sports & Outdoors,7,210.25,0.0,1471.75,Apple Pay,Shipped,38,lucas.smith139@example.com
ORD-1140,CUST-5061,2024-01-14,USA,Books,5,190.8,0.0,954.0,PayPal,Processing,61,mason.williams140@example.com
ORD-1141,CUST-5062,2024-06-10,United Kingdom,Electronics,5,137.05,0.15,582.46,Apple Pay,Processing,21,oliver.davis141@example.com
ORD-1142,CUST-5063,2024-05-10,United Kingdom,Beauty,2,32.56,0.2,52.1,Apple Pay,Processing,20,sophia.davis142@example.com
ORD-1143,CUST-5064,2024-01-07,Canada,Beauty,4,39.68,0.05,150.78,Apple Pay,Cancelled,40,emma.jackson143@example.com
ORD-1144,CUST-5065,2024-04-10,United Kingdom,Sports & Outdoors,3,202.07,0.1,545.59,Credit Card,Shipped,36,evelyn.taylor144@example.com
ORD-1145,CUST-5066,2024-04-01,Germany,Beauty,7,162.71,0.2,911.18,Debit Card,Shipped,23,oliver.williams145@example.com
ORD-1146,CUST-5067,2024-03-19,France,Sports & Outdoors,6,153.06,0.0,918.36,Apple Pay,Shipped,24,noah.williams146@example.com
ORD-1147,CUST-5068,2024-03-15,Australia,Apparel,1,40.52,0.15,34.44,Bank Transfer,Refunded,52,noah.jones147@example.com
ORD-1148,CUST-5069,2024-04-16,Australia,Home & Kitchen,8,165.15,0.1,1189.08,Credit Card,Delivered,55,noah.johnson148@example.com
ORD-1149,CUST-5070,2024-05-05,Australia,Beauty,1,258.75,0.1,232.88,PayPal,Cancelled,50,noah.davis149@example.com
ORD-1150,CUST-5071,2024-03-04,Australia,Electronics,8,34.92,0.1,251.42,Bank Transfer,Processing,42,isabella.taylor150@example.com
